kernel,build,dtype,M,stride,align,misalign_bytes,time_s,run_id,result
saxpy,scalar,f32,512,1,aligned,0,0.000000270,0,
saxpy,scalar,f32,512,1,aligned,0,0.000000210,1,
saxpy,scalar,f32,512,1,aligned,0,0.000000190,2,
saxpy,scalar,f32,512,1,aligned,0,0.000000160,3,
saxpy,scalar,f32,512,1,aligned,0,0.000000160,4,
saxpy,scalar,f32,512,1,aligned,0,0.000000159,5,
saxpy,scalar,f32,512,1,aligned,0,0.000000170,6,
saxpy,scalar,f32,512,1,aligned,0,0.000000170,7,
saxpy,scalar,f32,512,1,aligned,0,0.000000170,8,
saxpy,scalar,f32,512,1,aligned,0,0.000000170,9,
saxpy,simd,f32,512,1,aligned,0,0.000000129,0,
saxpy,simd,f32,512,1,aligned,0,0.000000070,1,
saxpy,simd,f32,512,1,aligned,0,0.000000049,2,
saxpy,simd,f32,512,1,aligned,0,0.000000040,3,
saxpy,simd,f32,512,1,aligned,0,0.000000040,4,
saxpy,simd,f32,512,1,aligned,0,0.000000040,5,
saxpy,simd,f32,512,1,aligned,0,0.000000040,6,
saxpy,simd,f32,512,1,aligned,0,0.000000040,7,
saxpy,simd,f32,512,1,aligned,0,0.000000040,8,
saxpy,simd,f32,512,1,aligned,0,0.000000030,9,
saxpy,scalar,f32,1024,1,aligned,0,0.000000400,0,
saxpy,scalar,f32,1024,1,aligned,0,0.000000350,1,
saxpy,scalar,f32,1024,1,aligned,0,0.000000300,2,
saxpy,scalar,f32,1024,1,aligned,0,0.000000300,3,
saxpy,scalar,f32,1024,1,aligned,0,0.000000301,4,
saxpy,scalar,f32,1024,1,aligned,0,0.000000301,5,
saxpy,scalar,f32,1024,1,aligned,0,0.000000300,6,
saxpy,scalar,f32,1024,1,aligned,0,0.000000300,7,
saxpy,scalar,f32,1024,1,aligned,0,0.000000301,8,
saxpy,scalar,f32,1024,1,aligned,0,0.000000300,9,
saxpy,simd,f32,1024,1,aligned,0,0.000000170,0,
saxpy,simd,f32,1024,1,aligned,0,0.000000101,1,
saxpy,simd,f32,1024,1,aligned,0,0.000000060,2,
saxpy,simd,f32,1024,1,aligned,0,0.000000050,3,
saxpy,simd,f32,1024,1,aligned,0,0.000000061,4,
saxpy,simd,f32,1024,1,aligned,0,0.000000050,5,
saxpy,simd,f32,1024,1,aligned,0,0.000000060,6,
saxpy,simd,f32,1024,1,aligned,0,0.000000061,7,
saxpy,simd,f32,1024,1,aligned,0,0.000000060,8,
saxpy,simd,f32,1024,1,aligned,0,0.000000060,9,
saxpy,scalar,f32,30720,1,aligned,0,0.000008480,0,
saxpy,scalar,f32,30720,1,aligned,0,0.000008460,1,
saxpy,scalar,f32,30720,1,aligned,0,0.000008360,2,
saxpy,scalar,f32,30720,1,aligned,0,0.000008340,3,
saxpy,scalar,f32,30720,1,aligned,0,0.000008320,4,
saxpy,scalar,f32,30720,1,aligned,0,0.000008580,5,
saxpy,scalar,f32,30720,1,aligned,0,0.000008350,6,
saxpy,scalar,f32,30720,1,aligned,0,0.000008331,7,
saxpy,scalar,f32,30720,1,aligned,0,0.000008339,8,
saxpy,scalar,f32,30720,1,aligned,0,0.000008320,9,
saxpy,simd,f32,30720,1,aligned,0,0.000002160,0,
saxpy,simd,f32,30720,1,aligned,0,0.000002150,1,
saxpy,simd,f32,30720,1,aligned,0,0.000002069,2,
saxpy,simd,f32,30720,1,aligned,0,0.000002080,3,
saxpy,simd,f32,30720,1,aligned,0,0.000002110,4,
saxpy,simd,f32,30720,1,aligned,0,0.000002121,5,
saxpy,simd,f32,30720,1,aligned,0,0.000002100,6,
saxpy,simd,f32,30720,1,aligned,0,0.000002121,7,
saxpy,simd,f32,30720,1,aligned,0,0.000002090,8,
saxpy,simd,f32,30720,1,aligned,0,0.000002120,9,
saxpy,scalar,f32,65536,1,aligned,0,0.000019199,0,
saxpy,scalar,f32,65536,1,aligned,0,0.000019000,1,
saxpy,scalar,f32,65536,1,aligned,0,0.000019079,2,
saxpy,scalar,f32,65536,1,aligned,0,0.000024889,3,
saxpy,scalar,f32,65536,1,aligned,0,0.000018890,4,
saxpy,scalar,f32,65536,1,aligned,0,0.000019150,5,
saxpy,scalar,f32,65536,1,aligned,0,0.000018859,6,
saxpy,scalar,f32,65536,1,aligned,0,0.000018919,7,
saxpy,scalar,f32,65536,1,aligned,0,0.000020530,8,
saxpy,scalar,f32,65536,1,aligned,0,0.000018850,9,
saxpy,simd,f32,65536,1,aligned,0,0.000005309,0,
saxpy,simd,f32,65536,1,aligned,0,0.000005310,1,
saxpy,simd,f32,65536,1,aligned,0,0.000005170,2,
saxpy,simd,f32,65536,1,aligned,0,0.000005080,3,
saxpy,simd,f32,65536,1,aligned,0,0.000005070,4,
saxpy,simd,f32,65536,1,aligned,0,0.000005059,5,
saxpy,simd,f32,65536,1,aligned,0,0.000005080,6,
saxpy,simd,f32,65536,1,aligned,0,0.000005139,7,
saxpy,simd,f32,65536,1,aligned,0,0.000005030,8,
saxpy,simd,f32,65536,1,aligned,0,0.000005040,9,
saxpy,scalar,f32,92160,1,aligned,0,0.000026850,0,
saxpy,scalar,f32,92160,1,aligned,0,0.000026549,1,
saxpy,scalar,f32,92160,1,aligned,0,0.000026369,2,
saxpy,scalar,f32,92160,1,aligned,0,0.000026480,3,
saxpy,scalar,f32,92160,1,aligned,0,0.000026649,4,
saxpy,scalar,f32,92160,1,aligned,0,0.000026450,5,
saxpy,scalar,f32,92160,1,aligned,0,0.000026410,6,
saxpy,scalar,f32,92160,1,aligned,0,0.000026461,7,
saxpy,scalar,f32,92160,1,aligned,0,0.000026400,8,
saxpy,scalar,f32,92160,1,aligned,0,0.000026469,9,
saxpy,simd,f32,92160,1,aligned,0,0.000007490,0,
saxpy,simd,f32,92160,1,aligned,0,0.000007410,1,
saxpy,simd,f32,92160,1,aligned,0,0.000007480,2,
saxpy,simd,f32,92160,1,aligned,0,0.000007439,3,
saxpy,simd,f32,92160,1,aligned,0,0.000007320,4,
saxpy,simd,f32,92160,1,aligned,0,0.000007359,5,
saxpy,simd,f32,92160,1,aligned,0,0.000007400,6,
saxpy,simd,f32,92160,1,aligned,0,0.000007380,7,
saxpy,simd,f32,92160,1,aligned,0,0.000007330,8,
saxpy,simd,f32,92160,1,aligned,0,0.000007460,9,
saxpy,scalar,f32,1048576,1,aligned,0,0.000295476,0,
saxpy,scalar,f32,1048576,1,aligned,0,0.000295476,1,
saxpy,scalar,f32,1048576,1,aligned,0,0.000300955,2,
saxpy,scalar,f32,1048576,1,aligned,0,0.000295685,3,
saxpy,scalar,f32,1048576,1,aligned,0,0.000295055,4,
saxpy,scalar,f32,1048576,1,aligned,0,0.000300365,5,
saxpy,scalar,f32,1048576,1,aligned,0,0.000295665,6,
saxpy,scalar,f32,1048576,1,aligned,0,0.000295606,7,
saxpy,scalar,f32,1048576,1,aligned,0,0.000300486,8,
saxpy,scalar,f32,1048576,1,aligned,0,0.000295775,9,
saxpy,simd,f32,1048576,1,aligned,0,0.000085118,0,
saxpy,simd,f32,1048576,1,aligned,0,0.000087629,1,
saxpy,simd,f32,1048576,1,aligned,0,0.000100019,2,
saxpy,simd,f32,1048576,1,aligned,0,0.000090409,3,
saxpy,simd,f32,1048576,1,aligned,0,0.000093549,4,
saxpy,simd,f32,1048576,1,aligned,0,0.000084989,5,
saxpy,simd,f32,1048576,1,aligned,0,0.000092398,6,
saxpy,simd,f32,1048576,1,aligned,0,0.000085038,7,
saxpy,simd,f32,1048576,1,aligned,0,0.000097668,8,
saxpy,simd,f32,1048576,1,aligned,0,0.000086288,9,
saxpy,scalar,f32,2097152,1,aligned,0,0.000596360,0,
saxpy,scalar,f32,2097152,1,aligned,0,0.000602501,1,
saxpy,scalar,f32,2097152,1,aligned,0,0.000603930,2,
saxpy,scalar,f32,2097152,1,aligned,0,0.000600040,3,
saxpy,scalar,f32,2097152,1,aligned,0,0.000613720,4,
saxpy,scalar,f32,2097152,1,aligned,0,0.000601141,5,
saxpy,scalar,f32,2097152,1,aligned,0,0.000609742,6,
saxpy,scalar,f32,2097152,1,aligned,0,0.000607951,7,
saxpy,scalar,f32,2097152,1,aligned,0,0.000602891,8,
saxpy,scalar,f32,2097152,1,aligned,0,0.000612731,9,
saxpy,simd,f32,2097152,1,aligned,0,0.000260917,0,
saxpy,simd,f32,2097152,1,aligned,0,0.000233316,1,
saxpy,simd,f32,2097152,1,aligned,0,0.000257825,2,
saxpy,simd,f32,2097152,1,aligned,0,0.000269466,3,
saxpy,simd,f32,2097152,1,aligned,0,0.000285155,4,
saxpy,simd,f32,2097152,1,aligned,0,0.000292485,5,
saxpy,simd,f32,2097152,1,aligned,0,0.000271656,6,
saxpy,simd,f32,2097152,1,aligned,0,0.000273257,7,
saxpy,simd,f32,2097152,1,aligned,0,0.000281164,8,
saxpy,simd,f32,2097152,1,aligned,0,0.000290985,9,
saxpy,scalar,f32,5242880,1,aligned,0,0.001541995,0,
saxpy,scalar,f32,5242880,1,aligned,0,0.001539626,1,
saxpy,scalar,f32,5242880,1,aligned,0,0.001544036,2,
saxpy,scalar,f32,5242880,1,aligned,0,0.001534826,3,
saxpy,scalar,f32,5242880,1,aligned,0,0.001535286,4,
saxpy,scalar,f32,5242880,1,aligned,0,0.001536186,5,
saxpy,scalar,f32,5242880,1,aligned,0,0.001537096,6,
saxpy,scalar,f32,5242880,1,aligned,0,0.001540036,7,
saxpy,scalar,f32,5242880,1,aligned,0,0.001534816,8,
saxpy,scalar,f32,5242880,1,aligned,0,0.001545765,9,
saxpy,simd,f32,5242880,1,aligned,0,0.000819257,0,
saxpy,simd,f32,5242880,1,aligned,0,0.000800998,1,
saxpy,simd,f32,5242880,1,aligned,0,0.000795337,2,
saxpy,simd,f32,5242880,1,aligned,0,0.000794508,3,
saxpy,simd,f32,5242880,1,aligned,0,0.000787318,4,
saxpy,simd,f32,5242880,1,aligned,0,0.000792367,5,
saxpy,simd,f32,5242880,1,aligned,0,0.000784088,6,
saxpy,simd,f32,5242880,1,aligned,0,0.000784387,7,
saxpy,simd,f32,5242880,1,aligned,0,0.000776178,8,
saxpy,simd,f32,5242880,1,aligned,0,0.000757019,9,
saxpy,scalar,f64,512,1,aligned,0,0.000000429,0,
saxpy,scalar,f64,512,1,aligned,0,0.000000220,1,
saxpy,scalar,f64,512,1,aligned,0,0.000000160,2,
saxpy,scalar,f64,512,1,aligned,0,0.000000160,3,
saxpy,scalar,f64,512,1,aligned,0,0.000000160,4,
saxpy,scalar,f64,512,1,aligned,0,0.000000150,5,
saxpy,scalar,f64,512,1,aligned,0,0.000000159,6,
saxpy,scalar,f64,512,1,aligned,0,0.000000160,7,
saxpy,scalar,f64,512,1,aligned,0,0.000000150,8,
saxpy,scalar,f64,512,1,aligned,0,0.000000150,9,
saxpy,simd,f64,512,1,aligned,0,0.000000320,0,
saxpy,simd,f64,512,1,aligned,0,0.000000120,1,
saxpy,simd,f64,512,1,aligned,0,0.000000120,2,
saxpy,simd,f64,512,1,aligned,0,0.000000080,3,
saxpy,simd,f64,512,1,aligned,0,0.000000090,4,
saxpy,simd,f64,512,1,aligned,0,0.000000080,5,
saxpy,simd,f64,512,1,aligned,0,0.000000080,6,
saxpy,simd,f64,512,1,aligned,0,0.000000080,7,
saxpy,simd,f64,512,1,aligned,0,0.000000080,8,
saxpy,simd,f64,512,1,aligned,0,0.000000079,9,
saxpy,scalar,f64,819,1,aligned,0,0.000000720,0,
saxpy,scalar,f64,819,1,aligned,0,0.000000310,1,
saxpy,scalar,f64,819,1,aligned,0,0.000000240,2,
saxpy,scalar,f64,819,1,aligned,0,0.000000240,3,
saxpy,scalar,f64,819,1,aligned,0,0.000000240,4,
saxpy,scalar,f64,819,1,aligned,0,0.000000239,5,
saxpy,scalar,f64,819,1,aligned,0,0.000000239,6,
saxpy,scalar,f64,819,1,aligned,0,0.000000239,7,
saxpy,scalar,f64,819,1,aligned,0,0.000000240,8,
saxpy,scalar,f64,819,1,aligned,0,0.000000240,9,
saxpy,simd,f64,819,1,aligned,0,0.000000450,0,
saxpy,simd,f64,819,1,aligned,0,0.000000150,1,
saxpy,simd,f64,819,1,aligned,0,0.000000130,2,
saxpy,simd,f64,819,1,aligned,0,0.000000120,3,
saxpy,simd,f64,819,1,aligned,0,0.000000120,4,
saxpy,simd,f64,819,1,aligned,0,0.000000119,5,
saxpy,simd,f64,819,1,aligned,0,0.000000120,6,
saxpy,simd,f64,819,1,aligned,0,0.000000120,7,
saxpy,simd,f64,819,1,aligned,0,0.000000120,8,
saxpy,simd,f64,819,1,aligned,0,0.000000120,9,
saxpy,scalar,f64,5120,1,aligned,0,0.000001529,0,
saxpy,scalar,f64,5120,1,aligned,0,0.000001450,1,
saxpy,scalar,f64,5120,1,aligned,0,0.000001420,2,
saxpy,scalar,f64,5120,1,aligned,0,0.000001729,3,
saxpy,scalar,f64,5120,1,aligned,0,0.000001410,4,
saxpy,scalar,f64,5120,1,aligned,0,0.000001400,5,
saxpy,scalar,f64,5120,1,aligned,0,0.000001400,6,
saxpy,scalar,f64,5120,1,aligned,0,0.000001400,7,
saxpy,scalar,f64,5120,1,aligned,0,0.000001410,8,
saxpy,scalar,f64,5120,1,aligned,0,0.000001400,9,
saxpy,simd,f64,5120,1,aligned,0,0.000000810,0,
saxpy,simd,f64,5120,1,aligned,0,0.000000709,1,
saxpy,simd,f64,5120,1,aligned,0,0.000000750,2,
saxpy,simd,f64,5120,1,aligned,0,0.000000690,3,
saxpy,simd,f64,5120,1,aligned,0,0.000000680,4,
saxpy,simd,f64,5120,1,aligned,0,0.000000690,5,
saxpy,simd,f64,5120,1,aligned,0,0.000000699,6,
saxpy,simd,f64,5120,1,aligned,0,0.000000681,7,
saxpy,simd,f64,5120,1,aligned,0,0.000000690,8,
saxpy,simd,f64,5120,1,aligned,0,0.000000690,9,
saxpy,scalar,f64,20480,1,aligned,0,0.000006510,0,
saxpy,scalar,f64,20480,1,aligned,0,0.000006360,1,
saxpy,scalar,f64,20480,1,aligned,0,0.000006310,2,
saxpy,scalar,f64,20480,1,aligned,0,0.000006310,3,
saxpy,scalar,f64,20480,1,aligned,0,0.000006290,4,
saxpy,scalar,f64,20480,1,aligned,0,0.000006290,5,
saxpy,scalar,f64,20480,1,aligned,0,0.000006309,6,
saxpy,scalar,f64,20480,1,aligned,0,0.000006500,7,
saxpy,scalar,f64,20480,1,aligned,0,0.000006300,8,
saxpy,scalar,f64,20480,1,aligned,0,0.000006280,9,
saxpy,simd,f64,20480,1,aligned,0,0.000002970,0,
saxpy,simd,f64,20480,1,aligned,0,0.000002980,1,
saxpy,simd,f64,20480,1,aligned,0,0.000002940,2,
saxpy,simd,f64,20480,1,aligned,0,0.000002890,3,
saxpy,simd,f64,20480,1,aligned,0,0.000002869,4,
saxpy,simd,f64,20480,1,aligned,0,0.000002870,5,
saxpy,simd,f64,20480,1,aligned,0,0.000002881,6,
saxpy,simd,f64,20480,1,aligned,0,0.000002850,7,
saxpy,simd,f64,20480,1,aligned,0,0.000002870,8,
saxpy,simd,f64,20480,1,aligned,0,0.000007940,9,
saxpy,scalar,f64,51200,1,aligned,0,0.000016349,0,
saxpy,scalar,f64,51200,1,aligned,0,0.000015871,1,
saxpy,scalar,f64,51200,1,aligned,0,0.000016140,2,
saxpy,scalar,f64,51200,1,aligned,0,0.000015780,3,
saxpy,scalar,f64,51200,1,aligned,0,0.000015829,4,
saxpy,scalar,f64,51200,1,aligned,0,0.000015730,5,
saxpy,scalar,f64,51200,1,aligned,0,0.000015759,6,
saxpy,scalar,f64,51200,1,aligned,0,0.000015700,7,
saxpy,scalar,f64,51200,1,aligned,0,0.000015761,8,
saxpy,scalar,f64,51200,1,aligned,0,0.000015970,9,
saxpy,simd,f64,51200,1,aligned,0,0.000008459,0,
saxpy,simd,f64,51200,1,aligned,0,0.000008180,1,
saxpy,simd,f64,51200,1,aligned,0,0.000008270,2,
saxpy,simd,f64,51200,1,aligned,0,0.000008170,3,
saxpy,simd,f64,51200,1,aligned,0,0.000008469,4,
saxpy,simd,f64,51200,1,aligned,0,0.000008099,5,
saxpy,simd,f64,51200,1,aligned,0,0.000008260,6,
saxpy,simd,f64,51200,1,aligned,0,0.000008070,7,
saxpy,simd,f64,51200,1,aligned,0,0.000008049,8,
saxpy,simd,f64,51200,1,aligned,0,0.000008100,9,
saxpy,scalar,f64,81920,1,aligned,0,0.000025000,0,
saxpy,scalar,f64,81920,1,aligned,0,0.000024979,1,
saxpy,scalar,f64,81920,1,aligned,0,0.000024790,2,
saxpy,scalar,f64,81920,1,aligned,0,0.000024869,3,
saxpy,scalar,f64,81920,1,aligned,0,0.000024849,4,
saxpy,scalar,f64,81920,1,aligned,0,0.000024910,5,
saxpy,scalar,f64,81920,1,aligned,0,0.000025030,6,
saxpy,scalar,f64,81920,1,aligned,0,0.000024790,7,
saxpy,scalar,f64,81920,1,aligned,0,0.000024820,8,
saxpy,scalar,f64,81920,1,aligned,0,0.000024810,9,
saxpy,simd,f64,81920,1,aligned,0,0.000012970,0,
saxpy,simd,f64,81920,1,aligned,0,0.000012849,1,
saxpy,simd,f64,81920,1,aligned,0,0.000012729,2,
saxpy,simd,f64,81920,1,aligned,0,0.000012751,3,
saxpy,simd,f64,81920,1,aligned,0,0.000012660,4,
saxpy,simd,f64,81920,1,aligned,0,0.000012699,5,
saxpy,simd,f64,81920,1,aligned,0,0.000012669,6,
saxpy,simd,f64,81920,1,aligned,0,0.000012719,7,
saxpy,simd,f64,81920,1,aligned,0,0.000012629,8,
saxpy,simd,f64,81920,1,aligned,0,0.000012730,9,
saxpy,scalar,f64,2097152,1,aligned,0,0.000894336,0,
saxpy,scalar,f64,2097152,1,aligned,0,0.000781508,1,
saxpy,scalar,f64,2097152,1,aligned,0,0.000801188,2,
saxpy,scalar,f64,2097152,1,aligned,0,0.000809777,3,
saxpy,scalar,f64,2097152,1,aligned,0,0.000820898,4,
saxpy,scalar,f64,2097152,1,aligned,0,0.000826636,5,
saxpy,scalar,f64,2097152,1,aligned,0,0.000822247,6,
saxpy,scalar,f64,2097152,1,aligned,0,0.000820168,7,
saxpy,scalar,f64,2097152,1,aligned,0,0.000822167,8,
saxpy,scalar,f64,2097152,1,aligned,0,0.000824877,9,
saxpy,simd,f64,2097152,1,aligned,0,0.000751268,0,
saxpy,simd,f64,2097152,1,aligned,0,0.000616350,1,
saxpy,simd,f64,2097152,1,aligned,0,0.000621930,2,
saxpy,simd,f64,2097152,1,aligned,0,0.000633171,3,
saxpy,simd,f64,2097152,1,aligned,0,0.000630670,4,
saxpy,simd,f64,2097152,1,aligned,0,0.000634960,5,
saxpy,simd,f64,2097152,1,aligned,0,0.000643310,6,
saxpy,simd,f64,2097152,1,aligned,0,0.000647269,7,
saxpy,simd,f64,2097152,1,aligned,0,0.000662060,8,
saxpy,simd,f64,2097152,1,aligned,0,0.000635380,9,
saxpy,scalar,f64,5242880,1,aligned,0,0.002258995,0,
saxpy,scalar,f64,5242880,1,aligned,0,0.002192684,1,
saxpy,scalar,f64,5242880,1,aligned,0,0.002194585,2,
saxpy,scalar,f64,5242880,1,aligned,0,0.002214395,3,
saxpy,scalar,f64,5242880,1,aligned,0,0.002231006,4,
saxpy,scalar,f64,5242880,1,aligned,0,0.002215195,5,
saxpy,scalar,f64,5242880,1,aligned,0,0.002226105,6,
saxpy,scalar,f64,5242880,1,aligned,0,0.002214455,7,
saxpy,scalar,f64,5242880,1,aligned,0,0.002225375,8,
saxpy,scalar,f64,5242880,1,aligned,0,0.002228325,9,
saxpy,simd,f64,5242880,1,aligned,0,0.001998078,0,
saxpy,simd,f64,5242880,1,aligned,0,0.002000858,1,
saxpy,simd,f64,5242880,1,aligned,0,0.001986778,2,
saxpy,simd,f64,5242880,1,aligned,0,0.001967359,3,
saxpy,simd,f64,5242880,1,aligned,0,0.001970719,4,
saxpy,simd,f64,5242880,1,aligned,0,0.002000298,5,
saxpy,simd,f64,5242880,1,aligned,0,0.001992459,6,
saxpy,simd,f64,5242880,1,aligned,0,0.001988838,7,
saxpy,simd,f64,5242880,1,aligned,0,0.002008549,8,
saxpy,simd,f64,5242880,1,aligned,0,0.002019648,9,
dot,scalar,f32,512,1,aligned,0,0.000000500,0,-15.139647836348793
dot,scalar,f32,512,1,aligned,0,0.000000440,1,-15.139647836348793
dot,scalar,f32,512,1,aligned,0,0.000000410,2,-15.139647836348793
dot,scalar,f32,512,1,aligned,0,0.000000410,3,-15.139647836348793
dot,scalar,f32,512,1,aligned,0,0.000000410,4,-15.139647836348793
dot,scalar,f32,512,1,aligned,0,0.000000411,5,-15.139647836348793
dot,scalar,f32,512,1,aligned,0,0.000000411,6,-15.139647836348793
dot,scalar,f32,512,1,aligned,0,0.000000420,7,-15.139647836348793
dot,scalar,f32,512,1,aligned,0,0.000000410,8,-15.139647836348793
dot,scalar,f32,512,1,aligned,0,0.000000410,9,-15.139647836348793
dot,simd,f32,512,1,aligned,0,0.000000490,0,-15.139647836348793
dot,simd,f32,512,1,aligned,0,0.000000450,1,-15.139647836348793
dot,simd,f32,512,1,aligned,0,0.000000420,2,-15.139647836348793
dot,simd,f32,512,1,aligned,0,0.000000410,3,-15.139647836348793
dot,simd,f32,512,1,aligned,0,0.000000410,4,-15.139647836348793
dot,simd,f32,512,1,aligned,0,0.000000411,5,-15.139647836348793
dot,simd,f32,512,1,aligned,0,0.000000410,6,-15.139647836348793
dot,simd,f32,512,1,aligned,0,0.000000410,7,-15.139647836348793
dot,simd,f32,512,1,aligned,0,0.000000410,8,-15.139647836348793
dot,simd,f32,512,1,aligned,0,0.000000420,9,-15.139647836348793
dot,scalar,f32,1024,1,aligned,0,0.000000890,0,-19.998422534070617
dot,scalar,f32,1024,1,aligned,0,0.000000849,1,-19.998422534070617
dot,scalar,f32,1024,1,aligned,0,0.000000810,2,-19.998422534070617
dot,scalar,f32,1024,1,aligned,0,0.000000810,3,-19.998422534070617
dot,scalar,f32,1024,1,aligned,0,0.000000800,4,-19.998422534070617
dot,scalar,f32,1024,1,aligned,0,0.000000800,5,-19.998422534070617
dot,scalar,f32,1024,1,aligned,0,0.000000800,6,-19.998422534070617
dot,scalar,f32,1024,1,aligned,0,0.000000800,7,-19.998422534070617
dot,scalar,f32,1024,1,aligned,0,0.000000809,8,-19.998422534070617
dot,scalar,f32,1024,1,aligned,0,0.000000809,9,-19.998422534070617
dot,simd,f32,1024,1,aligned,0,0.000001021,0,-19.998422534070617
dot,simd,f32,1024,1,aligned,0,0.000000849,1,-19.998422534070617
dot,simd,f32,1024,1,aligned,0,0.000000810,2,-19.998422534070617
dot,simd,f32,1024,1,aligned,0,0.000000800,3,-19.998422534070617
dot,simd,f32,1024,1,aligned,0,0.000000800,4,-19.998422534070617
dot,simd,f32,1024,1,aligned,0,0.000000810,5,-19.998422534070617
dot,simd,f32,1024,1,aligned,0,0.000000809,6,-19.998422534070617
dot,simd,f32,1024,1,aligned,0,0.000000810,7,-19.998422534070617
dot,simd,f32,1024,1,aligned,0,0.000000809,8,-19.998422534070617
dot,simd,f32,1024,1,aligned,0,0.000000810,9,-19.998422534070617
dot,scalar,f32,30720,1,aligned,0,0.000023740,0,-61.581593636500529
dot,scalar,f32,30720,1,aligned,0,0.000023679,1,-61.581593636500529
dot,scalar,f32,30720,1,aligned,0,0.000023650,2,-61.581593636500529
dot,scalar,f32,30720,1,aligned,0,0.000023658,3,-61.581593636500529
dot,scalar,f32,30720,1,aligned,0,0.000023659,4,-61.581593636500529
dot,scalar,f32,30720,1,aligned,0,0.000023658,5,-61.581593636500529
dot,scalar,f32,30720,1,aligned,0,0.000023650,6,-61.581593636500529
dot,scalar,f32,30720,1,aligned,0,0.000023650,7,-61.581593636500529
dot,scalar,f32,30720,1,aligned,0,0.000029759,8,-61.581593636500529
dot,scalar,f32,30720,1,aligned,0,0.000023650,9,-61.581593636500529
dot,simd,f32,30720,1,aligned,0,0.000023739,0,-61.581593636500529
dot,simd,f32,30720,1,aligned,0,0.000023680,1,-61.581593636500529
dot,simd,f32,30720,1,aligned,0,0.000023658,2,-61.581593636500529
dot,simd,f32,30720,1,aligned,0,0.000023660,3,-61.581593636500529
dot,simd,f32,30720,1,aligned,0,0.000023658,4,-61.581593636500529
dot,simd,f32,30720,1,aligned,0,0.000023649,5,-61.581593636500529
dot,simd,f32,30720,1,aligned,0,0.000023660,6,-61.581593636500529
dot,simd,f32,30720,1,aligned,0,0.000023659,7,-61.581593636500529
dot,simd,f32,30720,1,aligned,0,0.000028140,8,-61.581593636500529
dot,simd,f32,30720,1,aligned,0,0.000023649,9,-61.581593636500529
dot,scalar,f32,65536,1,aligned,0,0.000050579,0,-146.54042795021257
dot,scalar,f32,65536,1,aligned,0,0.000050499,1,-146.54042795021257
dot,scalar,f32,65536,1,aligned,0,0.000050459,2,-146.54042795021257
dot,scalar,f32,65536,1,aligned,0,0.000050458,3,-146.54042795021257
dot,scalar,f32,65536,1,aligned,0,0.000050499,4,-146.54042795021257
dot,scalar,f32,65536,1,aligned,0,0.000050459,5,-146.54042795021257
dot,scalar,f32,65536,1,aligned,0,0.000050489,6,-146.54042795021257
dot,scalar,f32,65536,1,aligned,0,0.000050479,7,-146.54042795021257
dot,scalar,f32,65536,1,aligned,0,0.000050459,8,-146.54042795021257
dot,scalar,f32,65536,1,aligned,0,0.000050479,9,-146.54042795021257
dot,simd,f32,65536,1,aligned,0,0.000050580,0,-146.54042795021257
dot,simd,f32,65536,1,aligned,0,0.000050498,1,-146.54042795021257
dot,simd,f32,65536,1,aligned,0,0.000055378,2,-146.54042795021257
dot,simd,f32,65536,1,aligned,0,0.000050658,3,-146.54042795021257
dot,simd,f32,65536,1,aligned,0,0.000050459,4,-146.54042795021257
dot,simd,f32,65536,1,aligned,0,0.000050460,5,-146.54042795021257
dot,simd,f32,65536,1,aligned,0,0.000050460,6,-146.54042795021257
dot,simd,f32,65536,1,aligned,0,0.000050459,7,-146.54042795021257
dot,simd,f32,65536,1,aligned,0,0.000050469,8,-146.54042795021257
dot,simd,f32,65536,1,aligned,0,0.000050459,9,-146.54042795021257
dot,scalar,f32,92160,1,aligned,0,0.000071408,0,-19.277301603495612
dot,scalar,f32,92160,1,aligned,0,0.000071059,1,-19.277301603495612
dot,scalar,f32,92160,1,aligned,0,0.000076449,2,-19.277301603495612
dot,scalar,f32,92160,1,aligned,0,0.000070999,3,-19.277301603495612
dot,scalar,f32,92160,1,aligned,0,0.000070999,4,-19.277301603495612
dot,scalar,f32,92160,1,aligned,0,0.000070998,5,-19.277301603495612
dot,scalar,f32,92160,1,aligned,0,0.000070998,6,-19.277301603495612
dot,scalar,f32,92160,1,aligned,0,0.000070989,7,-19.277301603495612
dot,scalar,f32,92160,1,aligned,0,0.000070999,8,-19.277301603495612
dot,scalar,f32,92160,1,aligned,0,0.000070989,9,-19.277301603495612
dot,simd,f32,92160,1,aligned,0,0.000071089,0,-19.277301603495612
dot,simd,f32,92160,1,aligned,0,0.000071049,1,-19.277301603495612
dot,simd,f32,92160,1,aligned,0,0.000071028,2,-19.277301603495612
dot,simd,f32,92160,1,aligned,0,0.000071010,3,-19.277301603495612
dot,simd,f32,92160,1,aligned,0,0.000071019,4,-19.277301603495612
dot,simd,f32,92160,1,aligned,0,0.000071029,5,-19.277301603495612
dot,simd,f32,92160,1,aligned,0,0.000071018,6,-19.277301603495612
dot,simd,f32,92160,1,aligned,0,0.000070999,7,-19.277301603495612
dot,simd,f32,92160,1,aligned,0,0.000071029,8,-19.277301603495612
dot,simd,f32,92160,1,aligned,0,0.000071269,9,-19.277301603495612
dot,scalar,f32,1048576,1,aligned,0,0.000814317,0,-252.97579605069024
dot,scalar,f32,1048576,1,aligned,0,0.000812558,1,-252.97579605069024
dot,scalar,f32,1048576,1,aligned,0,0.000811947,2,-252.97579605069024
dot,scalar,f32,1048576,1,aligned,0,0.000811498,3,-252.97579605069024
dot,scalar,f32,1048576,1,aligned,0,0.000811587,4,-252.97579605069024
dot,scalar,f32,1048576,1,aligned,0,0.000810848,5,-252.97579605069024
dot,scalar,f32,1048576,1,aligned,0,0.000811477,6,-252.97579605069024
dot,scalar,f32,1048576,1,aligned,0,0.000806957,7,-252.97579605069024
dot,scalar,f32,1048576,1,aligned,0,0.000806957,8,-252.97579605069024
dot,scalar,f32,1048576,1,aligned,0,0.000806947,9,-252.97579605069024
dot,simd,f32,1048576,1,aligned,0,0.000810438,0,-252.97579605069024
dot,simd,f32,1048576,1,aligned,0,0.000811436,1,-252.97579605069024
dot,simd,f32,1048576,1,aligned,0,0.000810659,2,-252.97579605069024
dot,simd,f32,1048576,1,aligned,0,0.000809908,3,-252.97579605069024
dot,simd,f32,1048576,1,aligned,0,0.000810456,4,-252.97579605069024
dot,simd,f32,1048576,1,aligned,0,0.000809987,5,-252.97579605069024
dot,simd,f32,1048576,1,aligned,0,0.000806848,6,-252.97579605069024
dot,simd,f32,1048576,1,aligned,0,0.000806827,7,-252.97579605069024
dot,simd,f32,1048576,1,aligned,0,0.000806837,8,-252.97579605069024
dot,simd,f32,1048576,1,aligned,0,0.000806828,9,-252.97579605069024
dot,scalar,f32,2097152,1,aligned,0,0.001618074,0,-18.184514924526308
dot,scalar,f32,2097152,1,aligned,0,0.001618304,1,-18.184514924526308
dot,scalar,f32,2097152,1,aligned,0,0.001618334,2,-18.184514924526308
dot,scalar,f32,2097152,1,aligned,0,0.001627815,3,-18.184514924526308
dot,scalar,f32,2097152,1,aligned,0,0.001621805,4,-18.184514924526308
dot,scalar,f32,2097152,1,aligned,0,0.001621465,5,-18.184514924526308
dot,scalar,f32,2097152,1,aligned,0,0.001620774,6,-18.184514924526308
dot,scalar,f32,2097152,1,aligned,0,0.001621985,7,-18.184514924526308
dot,scalar,f32,2097152,1,aligned,0,0.001620266,8,-18.184514924526308
dot,scalar,f32,2097152,1,aligned,0,0.001620314,9,-18.184514924526308
dot,simd,f32,2097152,1,aligned,0,0.001621814,0,-18.184514924526308
dot,simd,f32,2097152,1,aligned,0,0.001624173,1,-18.184514924526308
dot,simd,f32,2097152,1,aligned,0,0.001628265,2,-18.184514924526308
dot,simd,f32,2097152,1,aligned,0,0.001623116,3,-18.184514924526308
dot,simd,f32,2097152,1,aligned,0,0.001624955,4,-18.184514924526308
dot,simd,f32,2097152,1,aligned,0,0.001624604,5,-18.184514924526308
dot,simd,f32,2097152,1,aligned,0,0.001623625,6,-18.184514924526308
dot,simd,f32,2097152,1,aligned,0,0.001622315,7,-18.184514924526308
dot,simd,f32,2097152,1,aligned,0,0.001621114,8,-18.184514924526308
dot,simd,f32,2097152,1,aligned,0,0.001622085,9,-18.184514924526308
dot,scalar,f32,5242880,1,aligned,0,0.004052936,0,-492.92700779757178
dot,scalar,f32,5242880,1,aligned,0,0.004057567,1,-492.92700779757178
dot,scalar,f32,5242880,1,aligned,0,0.004054247,2,-492.92700779757178
dot,scalar,f32,5242880,1,aligned,0,0.004057836,3,-492.92700779757178
dot,scalar,f32,5242880,1,aligned,0,0.004054117,4,-492.92700779757178
dot,scalar,f32,5242880,1,aligned,0,0.004057216,5,-492.92700779757178
dot,scalar,f32,5242880,1,aligned,0,0.004058977,6,-492.92700779757178
dot,scalar,f32,5242880,1,aligned,0,0.004057116,7,-492.92700779757178
dot,scalar,f32,5242880,1,aligned,0,0.004054647,8,-492.92700779757178
dot,scalar,f32,5242880,1,aligned,0,0.004059297,9,-492.92700779757178
dot,simd,f32,5242880,1,aligned,0,0.004051778,0,-492.92700779757178
dot,simd,f32,5242880,1,aligned,0,0.004050607,1,-492.92700779757178
dot,simd,f32,5242880,1,aligned,0,0.004052427,2,-492.92700779757178
dot,simd,f32,5242880,1,aligned,0,0.004051066,3,-492.92700779757178
dot,simd,f32,5242880,1,aligned,0,0.004055907,4,-492.92700779757178
dot,simd,f32,5242880,1,aligned,0,0.004057186,5,-492.92700779757178
dot,simd,f32,5242880,1,aligned,0,0.004057187,6,-492.92700779757178
dot,simd,f32,5242880,1,aligned,0,0.004055896,7,-492.92700779757178
dot,simd,f32,5242880,1,aligned,0,0.004054197,8,-492.92700779757178
dot,simd,f32,5242880,1,aligned,0,0.004051846,9,-492.92700779757178
dot,scalar,f64,512,1,aligned,0,0.000000760,0,-15.139648505547738
dot,scalar,f64,512,1,aligned,0,0.000000450,1,-15.139648505547738
dot,scalar,f64,512,1,aligned,0,0.000000420,2,-15.139648505547738
dot,scalar,f64,512,1,aligned,0,0.000000410,3,-15.139648505547738
dot,scalar,f64,512,1,aligned,0,0.000000410,4,-15.139648505547738
dot,scalar,f64,512,1,aligned,0,0.000000411,5,-15.139648505547738
dot,scalar,f64,512,1,aligned,0,0.000000410,6,-15.139648505547738
dot,scalar,f64,512,1,aligned,0,0.000000410,7,-15.139648505547738
dot,scalar,f64,512,1,aligned,0,0.000000411,8,-15.139648505547738
dot,scalar,f64,512,1,aligned,0,0.000000410,9,-15.139648505547738
dot,simd,f64,512,1,aligned,0,0.000000690,0,-15.139648505547738
dot,simd,f64,512,1,aligned,0,0.000000440,1,-15.139648505547738
dot,simd,f64,512,1,aligned,0,0.000000410,2,-15.139648505547738
dot,simd,f64,512,1,aligned,0,0.000000410,3,-15.139648505547738
dot,simd,f64,512,1,aligned,0,0.000000410,4,-15.139648505547738
dot,simd,f64,512,1,aligned,0,0.000000420,5,-15.139648505547738
dot,simd,f64,512,1,aligned,0,0.000000411,6,-15.139648505547738
dot,simd,f64,512,1,aligned,0,0.000000410,7,-15.139648505547738
dot,simd,f64,512,1,aligned,0,0.000000410,8,-15.139648505547738
dot,simd,f64,512,1,aligned,0,0.000000411,9,-15.139648505547738
dot,scalar,f64,819,1,aligned,0,0.000000940,0,-19.373737580447912
dot,scalar,f64,819,1,aligned,0,0.000000670,1,-19.373737580447912
dot,scalar,f64,819,1,aligned,0,0.000000650,2,-19.373737580447912
dot,scalar,f64,819,1,aligned,0,0.000000650,3,-19.373737580447912
dot,scalar,f64,819,1,aligned,0,0.000000650,4,-19.373737580447912
dot,scalar,f64,819,1,aligned,0,0.000000640,5,-19.373737580447912
dot,scalar,f64,819,1,aligned,0,0.000000650,6,-19.373737580447912
dot,scalar,f64,819,1,aligned,0,0.000000650,7,-19.373737580447912
dot,scalar,f64,819,1,aligned,0,0.000000650,8,-19.373737580447912
dot,scalar,f64,819,1,aligned,0,0.000000650,9,-19.373737580447912
dot,simd,f64,819,1,aligned,0,0.000000730,0,-19.373737580447912
dot,simd,f64,819,1,aligned,0,0.000000670,1,-19.373737580447912
dot,simd,f64,819,1,aligned,0,0.000000650,2,-19.373737580447912
dot,simd,f64,819,1,aligned,0,0.000000649,3,-19.373737580447912
dot,simd,f64,819,1,aligned,0,0.000000649,4,-19.373737580447912
dot,simd,f64,819,1,aligned,0,0.000000650,5,-19.373737580447912
dot,simd,f64,819,1,aligned,0,0.000000649,6,-19.373737580447912
dot,simd,f64,819,1,aligned,0,0.000000650,7,-19.373737580447912
dot,simd,f64,819,1,aligned,0,0.000000650,8,-19.373737580447912
dot,simd,f64,819,1,aligned,0,0.000000650,9,-19.373737580447912
dot,scalar,f64,5120,1,aligned,0,0.000004050,0,-13.366142837167612
dot,scalar,f64,5120,1,aligned,0,0.000003990,1,-13.366142837167612
dot,scalar,f64,5120,1,aligned,0,0.000003960,2,-13.366142837167612
dot,scalar,f64,5120,1,aligned,0,0.000003960,3,-13.366142837167612
dot,scalar,f64,5120,1,aligned,0,0.000003960,4,-13.366142837167612
dot,scalar,f64,5120,1,aligned,0,0.000003960,5,-13.366142837167612
dot,scalar,f64,5120,1,aligned,0,0.000003960,6,-13.366142837167612
dot,scalar,f64,5120,1,aligned,0,0.000003970,7,-13.366142837167612
dot,scalar,f64,5120,1,aligned,0,0.000003960,8,-13.366142837167612
dot,scalar,f64,5120,1,aligned,0,0.000003960,9,-13.366142837167612
dot,simd,f64,5120,1,aligned,0,0.000004150,0,-13.366142837167612
dot,simd,f64,5120,1,aligned,0,0.000003990,1,-13.366142837167612
dot,simd,f64,5120,1,aligned,0,0.000003960,2,-13.366142837167612
dot,simd,f64,5120,1,aligned,0,0.000003960,3,-13.366142837167612
dot,simd,f64,5120,1,aligned,0,0.000003959,4,-13.366142837167612
dot,simd,f64,5120,1,aligned,0,0.000003960,5,-13.366142837167612
dot,simd,f64,5120,1,aligned,0,0.000003960,6,-13.366142837167612
dot,simd,f64,5120,1,aligned,0,0.000003961,7,-13.366142837167612
dot,simd,f64,5120,1,aligned,0,0.000003960,8,-13.366142837167612
dot,simd,f64,5120,1,aligned,0,0.000003960,9,-13.366142837167612
dot,scalar,f64,20480,1,aligned,0,0.000016069,0,-68.356266665181906
dot,scalar,f64,20480,1,aligned,0,0.000015840,1,-68.356266665181906
dot,scalar,f64,20480,1,aligned,0,0.000015769,2,-68.356266665181906
dot,scalar,f64,20480,1,aligned,0,0.000015780,3,-68.356266665181906
dot,scalar,f64,20480,1,aligned,0,0.000015770,4,-68.356266665181906
dot,scalar,f64,20480,1,aligned,0,0.000015779,5,-68.356266665181906
dot,scalar,f64,20480,1,aligned,0,0.000023310,6,-68.356266665181906
dot,scalar,f64,20480,1,aligned,0,0.000015780,7,-68.356266665181906
dot,scalar,f64,20480,1,aligned,0,0.000015779,8,-68.356266665181906
dot,scalar,f64,20480,1,aligned,0,0.000015770,9,-68.356266665181906
dot,simd,f64,20480,1,aligned,0,0.000015879,0,-68.356266665181906
dot,simd,f64,20480,1,aligned,0,0.000015800,1,-68.356266665181906
dot,simd,f64,20480,1,aligned,0,0.000015780,2,-68.356266665181906
dot,simd,f64,20480,1,aligned,0,0.000015779,3,-68.356266665181906
dot,simd,f64,20480,1,aligned,0,0.000015779,4,-68.356266665181906
dot,simd,f64,20480,1,aligned,0,0.000015770,5,-68.356266665181906
dot,simd,f64,20480,1,aligned,0,0.000015780,6,-68.356266665181906
dot,simd,f64,20480,1,aligned,0,0.000015780,7,-68.356266665181906
dot,simd,f64,20480,1,aligned,0,0.000015780,8,-68.356266665181906
dot,simd,f64,20480,1,aligned,0,0.000015779,9,-68.356266665181906
dot,scalar,f64,51200,1,aligned,0,0.000039630,0,-82.725929389831322
dot,scalar,f64,51200,1,aligned,0,0.000039550,1,-82.725929389831322
dot,scalar,f64,51200,1,aligned,0,0.000039459,2,-82.725929389831322
dot,scalar,f64,51200,1,aligned,0,0.000039469,3,-82.725929389831322
dot,scalar,f64,51200,1,aligned,0,0.000039469,4,-82.725929389831322
dot,scalar,f64,51200,1,aligned,0,0.000039460,5,-82.725929389831322
dot,scalar,f64,51200,1,aligned,0,0.000039450,6,-82.725929389831322
dot,scalar,f64,51200,1,aligned,0,0.000039460,7,-82.725929389831322
dot,scalar,f64,51200,1,aligned,0,0.000039459,8,-82.725929389831322
dot,scalar,f64,51200,1,aligned,0,0.000039469,9,-82.725929389831322
dot,simd,f64,51200,1,aligned,0,0.000039620,0,-82.725929389831322
dot,simd,f64,51200,1,aligned,0,0.000039530,1,-82.725929389831322
dot,simd,f64,51200,1,aligned,0,0.000039578,2,-82.725929389831322
dot,simd,f64,51200,1,aligned,0,0.000039458,3,-82.725929389831322
dot,simd,f64,51200,1,aligned,0,0.000039469,4,-82.725929389831322
dot,simd,f64,51200,1,aligned,0,0.000039449,5,-82.725929389831322
dot,simd,f64,51200,1,aligned,0,0.000039481,6,-82.725929389831322
dot,simd,f64,51200,1,aligned,0,0.000039470,7,-82.725929389831322
dot,simd,f64,51200,1,aligned,0,0.000039469,8,-82.725929389831322
dot,simd,f64,51200,1,aligned,0,0.000039459,9,-82.725929389831322
dot,scalar,f64,81920,1,aligned,0,0.000063499,0,-116.3712545761398
dot,scalar,f64,81920,1,aligned,0,0.000063179,1,-116.3712545761398
dot,scalar,f64,81920,1,aligned,0,0.000068058,2,-116.3712545761398
dot,scalar,f64,81920,1,aligned,0,0.000063099,3,-116.3712545761398
dot,scalar,f64,81920,1,aligned,0,0.000063089,4,-116.3712545761398
dot,scalar,f64,81920,1,aligned,0,0.000063090,5,-116.3712545761398
dot,scalar,f64,81920,1,aligned,0,0.000063090,6,-116.3712545761398
dot,scalar,f64,81920,1,aligned,0,0.000063099,7,-116.3712545761398
dot,scalar,f64,81920,1,aligned,0,0.000063090,8,-116.3712545761398
dot,scalar,f64,81920,1,aligned,0,0.000063099,9,-116.3712545761398
dot,simd,f64,81920,1,aligned,0,0.000063298,0,-116.3712545761398
dot,simd,f64,81920,1,aligned,0,0.000063199,1,-116.3712545761398
dot,simd,f64,81920,1,aligned,0,0.000063090,2,-116.3712545761398
dot,simd,f64,81920,1,aligned,0,0.000063089,3,-116.3712545761398
dot,simd,f64,81920,1,aligned,0,0.000063109,4,-116.3712545761398
dot,simd,f64,81920,1,aligned,0,0.000063109,5,-116.3712545761398
dot,simd,f64,81920,1,aligned,0,0.000063109,6,-116.3712545761398
dot,simd,f64,81920,1,aligned,0,0.000063099,7,-116.3712545761398
dot,simd,f64,81920,1,aligned,0,0.000063099,8,-116.3712545761398
dot,simd,f64,81920,1,aligned,0,0.000067049,9,-116.3712545761398
dot,scalar,f64,2097152,1,aligned,0,0.001623204,0,-18.184559982694971
dot,scalar,f64,2097152,1,aligned,0,0.001628144,1,-18.184559982694971
dot,scalar,f64,2097152,1,aligned,0,0.001623835,2,-18.184559982694971
dot,scalar,f64,2097152,1,aligned,0,0.001624985,3,-18.184559982694971
dot,scalar,f64,2097152,1,aligned,0,0.001620615,4,-18.184559982694971
dot,scalar,f64,2097152,1,aligned,0,0.001629334,5,-18.184559982694971
dot,scalar,f64,2097152,1,aligned,0,0.001628594,6,-18.184559982694971
dot,scalar,f64,2097152,1,aligned,0,0.001624123,7,-18.184559982694971
dot,scalar,f64,2097152,1,aligned,0,0.001625914,8,-18.184559982694971
dot,scalar,f64,2097152,1,aligned,0,0.001640575,9,-18.184559982694971
dot,simd,f64,2097152,1,aligned,0,0.001621955,0,-18.184559982694971
dot,simd,f64,2097152,1,aligned,0,0.001623863,1,-18.184559982694971
dot,simd,f64,2097152,1,aligned,0,0.001644714,2,-18.184559982694971
dot,simd,f64,2097152,1,aligned,0,0.001627364,3,-18.184559982694971
dot,simd,f64,2097152,1,aligned,0,0.001633934,4,-18.184559982694971
dot,simd,f64,2097152,1,aligned,0,0.001622434,5,-18.184559982694971
dot,simd,f64,2097152,1,aligned,0,0.001630113,6,-18.184559982694971
dot,simd,f64,2097152,1,aligned,0,0.001630985,7,-18.184559982694971
dot,simd,f64,2097152,1,aligned,0,0.001624766,8,-18.184559982694971
dot,simd,f64,2097152,1,aligned,0,0.001629286,9,-18.184559982694971
dot,scalar,f64,5242880,1,aligned,0,0.004064237,0,-492.92707808661851
dot,scalar,f64,5242880,1,aligned,0,0.004062486,1,-492.92707808661851
dot,scalar,f64,5242880,1,aligned,0,0.004064306,2,-492.92707808661851
dot,scalar,f64,5242880,1,aligned,0,0.004073055,3,-492.92707808661851
dot,scalar,f64,5242880,1,aligned,0,0.004063277,4,-492.92707808661851
dot,scalar,f64,5242880,1,aligned,0,0.004060597,5,-492.92707808661851
dot,scalar,f64,5242880,1,aligned,0,0.004062786,6,-492.92707808661851
dot,scalar,f64,5242880,1,aligned,0,0.004068116,7,-492.92707808661851
dot,scalar,f64,5242880,1,aligned,0,0.004080376,8,-492.92707808661851
dot,scalar,f64,5242880,1,aligned,0,0.004065256,9,-492.92707808661851
dot,simd,f64,5242880,1,aligned,0,0.004060396,0,-492.92707808661851
dot,simd,f64,5242880,1,aligned,0,0.004060856,1,-492.92707808661851
dot,simd,f64,5242880,1,aligned,0,0.004063477,2,-492.92707808661851
dot,simd,f64,5242880,1,aligned,0,0.004078956,3,-492.92707808661851
dot,simd,f64,5242880,1,aligned,0,0.004062826,4,-492.92707808661851
dot,simd,f64,5242880,1,aligned,0,0.004079406,5,-492.92707808661851
dot,simd,f64,5242880,1,aligned,0,0.004066756,6,-492.92707808661851
dot,simd,f64,5242880,1,aligned,0,0.004067366,7,-492.92707808661851
dot,simd,f64,5242880,1,aligned,0,0.004062126,8,-492.92707808661851
dot,simd,f64,5242880,1,aligned,0,0.004059956,9,-492.92707808661851
elemul,scalar,f32,1024,1,aligned,0,0.000000400,0,
elemul,scalar,f32,1024,1,aligned,0,0.000000360,1,
elemul,scalar,f32,1024,1,aligned,0,0.000000300,2,
elemul,scalar,f32,1024,1,aligned,0,0.000000290,3,
elemul,scalar,f32,1024,1,aligned,0,0.000000291,4,
elemul,scalar,f32,1024,1,aligned,0,0.000000290,5,
elemul,scalar,f32,1024,1,aligned,0,0.000000291,6,
elemul,scalar,f32,1024,1,aligned,0,0.000000290,7,
elemul,scalar,f32,1024,1,aligned,0,0.000000290,8,
elemul,scalar,f32,1024,1,aligned,0,0.000000291,9,
elemul,simd,f32,1024,1,aligned,0,0.000000190,0,
elemul,simd,f32,1024,1,aligned,0,0.000000080,1,
elemul,simd,f32,1024,1,aligned,0,0.000000070,2,
elemul,simd,f32,1024,1,aligned,0,0.000000050,3,
elemul,simd,f32,1024,1,aligned,0,0.000000050,4,
elemul,simd,f32,1024,1,aligned,0,0.000000060,5,
elemul,simd,f32,1024,1,aligned,0,0.000000050,6,
elemul,simd,f32,1024,1,aligned,0,0.000000060,7,
elemul,simd,f32,1024,1,aligned,0,0.000000050,8,
elemul,simd,f32,1024,1,aligned,0,0.000000061,9,
elemul,scalar,f32,1536,1,aligned,0,0.000000550,0,
elemul,scalar,f32,1536,1,aligned,0,0.000000481,1,
elemul,scalar,f32,1536,1,aligned,0,0.000000420,2,
elemul,scalar,f32,1536,1,aligned,0,0.000000420,3,
elemul,scalar,f32,1536,1,aligned,0,0.000000429,4,
elemul,scalar,f32,1536,1,aligned,0,0.000000420,5,
elemul,scalar,f32,1536,1,aligned,0,0.000000420,6,
elemul,scalar,f32,1536,1,aligned,0,0.000000420,7,
elemul,scalar,f32,1536,1,aligned,0,0.000000420,8,
elemul,scalar,f32,1536,1,aligned,0,0.000000420,9,
elemul,simd,f32,1536,1,aligned,0,0.000000251,0,
elemul,simd,f32,1536,1,aligned,0,0.000000110,1,
elemul,simd,f32,1536,1,aligned,0,0.000000070,2,
elemul,simd,f32,1536,1,aligned,0,0.000000080,3,
elemul,simd,f32,1536,1,aligned,0,0.000000080,4,
elemul,simd,f32,1536,1,aligned,0,0.000000080,5,
elemul,simd,f32,1536,1,aligned,0,0.000000071,6,
elemul,simd,f32,1536,1,aligned,0,0.000000080,7,
elemul,simd,f32,1536,1,aligned,0,0.000000080,8,
elemul,simd,f32,1536,1,aligned,0,0.000000080,9,
elemul,scalar,f32,32768,1,aligned,0,0.000009569,0,
elemul,scalar,f32,32768,1,aligned,0,0.000009560,1,
elemul,scalar,f32,32768,1,aligned,0,0.000009440,2,
elemul,scalar,f32,32768,1,aligned,0,0.000009430,3,
elemul,scalar,f32,32768,1,aligned,0,0.000009450,4,
elemul,scalar,f32,32768,1,aligned,0,0.000009441,5,
elemul,scalar,f32,32768,1,aligned,0,0.000009440,6,
elemul,scalar,f32,32768,1,aligned,0,0.000009431,7,
elemul,scalar,f32,32768,1,aligned,0,0.000009450,8,
elemul,scalar,f32,32768,1,aligned,0,0.000009450,9,
elemul,simd,f32,32768,1,aligned,0,0.000003370,0,
elemul,simd,f32,32768,1,aligned,0,0.000003490,1,
elemul,simd,f32,32768,1,aligned,0,0.000003260,2,
elemul,simd,f32,32768,1,aligned,0,0.000003240,3,
elemul,simd,f32,32768,1,aligned,0,0.000003260,4,
elemul,simd,f32,32768,1,aligned,0,0.000003370,5,
elemul,simd,f32,32768,1,aligned,0,0.000003470,6,
elemul,simd,f32,32768,1,aligned,0,0.000003350,7,
elemul,simd,f32,32768,1,aligned,0,0.000003300,8,
elemul,simd,f32,32768,1,aligned,0,0.000003270,9,
elemul,scalar,f32,45056,1,aligned,0,0.000013500,0,
elemul,scalar,f32,45056,1,aligned,0,0.000013190,1,
elemul,scalar,f32,45056,1,aligned,0,0.000013200,2,
elemul,scalar,f32,45056,1,aligned,0,0.000013119,3,
elemul,scalar,f32,45056,1,aligned,0,0.000018770,4,
elemul,scalar,f32,45056,1,aligned,0,0.000013160,5,
elemul,scalar,f32,45056,1,aligned,0,0.000013131,6,
elemul,scalar,f32,45056,1,aligned,0,0.000013090,7,
elemul,scalar,f32,45056,1,aligned,0,0.000013100,8,
elemul,scalar,f32,45056,1,aligned,0,0.000013280,9,
elemul,simd,f32,45056,1,aligned,0,0.000004930,0,
elemul,simd,f32,45056,1,aligned,0,0.000004690,1,
elemul,simd,f32,45056,1,aligned,0,0.000004650,2,
elemul,simd,f32,45056,1,aligned,0,0.000004800,3,
elemul,simd,f32,45056,1,aligned,0,0.000004590,4,
elemul,simd,f32,45056,1,aligned,0,0.000004580,5,
elemul,simd,f32,45056,1,aligned,0,0.000004600,6,
elemul,simd,f32,45056,1,aligned,0,0.000004600,7,
elemul,simd,f32,45056,1,aligned,0,0.000004570,8,
elemul,simd,f32,45056,1,aligned,0,0.000004579,9,
elemul,scalar,f32,65536,1,aligned,0,0.000020720,0,
elemul,scalar,f32,65536,1,aligned,0,0.000020740,1,
elemul,scalar,f32,65536,1,aligned,0,0.000020619,2,
elemul,scalar,f32,65536,1,aligned,0,0.000020690,3,
elemul,scalar,f32,65536,1,aligned,0,0.000020670,4,
elemul,scalar,f32,65536,1,aligned,0,0.000020660,5,
elemul,scalar,f32,65536,1,aligned,0,0.000020879,6,
elemul,scalar,f32,65536,1,aligned,0,0.000020820,7,
elemul,scalar,f32,65536,1,aligned,0,0.000020630,8,
elemul,scalar,f32,65536,1,aligned,0,0.000020709,9,
elemul,simd,f32,65536,1,aligned,0,0.000007300,0,
elemul,simd,f32,65536,1,aligned,0,0.000007350,1,
elemul,simd,f32,65536,1,aligned,0,0.000007190,2,
elemul,simd,f32,65536,1,aligned,0,0.000007340,3,
elemul,simd,f32,65536,1,aligned,0,0.000007340,4,
elemul,simd,f32,65536,1,aligned,0,0.000007190,5,
elemul,simd,f32,65536,1,aligned,0,0.000007129,6,
elemul,simd,f32,65536,1,aligned,0,0.000007199,7,
elemul,simd,f32,65536,1,aligned,0,0.000007130,8,
elemul,simd,f32,65536,1,aligned,0,0.000007209,9,
elemul,scalar,f32,1048576,1,aligned,0,0.000312575,0,
elemul,scalar,f32,1048576,1,aligned,0,0.000314175,1,
elemul,scalar,f32,1048576,1,aligned,0,0.000309225,2,
elemul,scalar,f32,1048576,1,aligned,0,0.000308227,3,
elemul,scalar,f32,1048576,1,aligned,0,0.000307455,4,
elemul,scalar,f32,1048576,1,aligned,0,0.000310435,5,
elemul,scalar,f32,1048576,1,aligned,0,0.000308085,6,
elemul,scalar,f32,1048576,1,aligned,0,0.000307315,7,
elemul,scalar,f32,1048576,1,aligned,0,0.000308475,8,
elemul,scalar,f32,1048576,1,aligned,0,0.000311816,9,
elemul,simd,f32,1048576,1,aligned,0,0.000130768,0,
elemul,simd,f32,1048576,1,aligned,0,0.000136498,1,
elemul,simd,f32,1048576,1,aligned,0,0.000131268,2,
elemul,simd,f32,1048576,1,aligned,0,0.000133407,3,
elemul,simd,f32,1048576,1,aligned,0,0.000133447,4,
elemul,simd,f32,1048576,1,aligned,0,0.000132698,5,
elemul,simd,f32,1048576,1,aligned,0,0.000128618,6,
elemul,simd,f32,1048576,1,aligned,0,0.000130088,7,
elemul,simd,f32,1048576,1,aligned,0,0.000132098,8,
elemul,simd,f32,1048576,1,aligned,0,0.000134888,9,
elemul,scalar,f32,1468006,1,aligned,0,0.000433163,0,
elemul,scalar,f32,1468006,1,aligned,0,0.000430633,1,
elemul,scalar,f32,1468006,1,aligned,0,0.000437693,2,
elemul,scalar,f32,1468006,1,aligned,0,0.000431594,3,
elemul,scalar,f32,1468006,1,aligned,0,0.000437893,4,
elemul,scalar,f32,1468006,1,aligned,0,0.000431444,5,
elemul,scalar,f32,1468006,1,aligned,0,0.000436183,6,
elemul,scalar,f32,1468006,1,aligned,0,0.000440783,7,
elemul,scalar,f32,1468006,1,aligned,0,0.000432053,8,
elemul,scalar,f32,1468006,1,aligned,0,0.000435793,9,
elemul,simd,f32,1468006,1,aligned,0,0.000187927,0,
elemul,simd,f32,1468006,1,aligned,0,0.000200827,1,
elemul,simd,f32,1468006,1,aligned,0,0.000199337,2,
elemul,simd,f32,1468006,1,aligned,0,0.000190858,3,
elemul,simd,f32,1468006,1,aligned,0,0.000194047,4,
elemul,simd,f32,1468006,1,aligned,0,0.000196766,5,
elemul,simd,f32,1468006,1,aligned,0,0.000199837,6,
elemul,simd,f32,1468006,1,aligned,0,0.000197057,7,
elemul,simd,f32,1468006,1,aligned,0,0.000205168,8,
elemul,simd,f32,1468006,1,aligned,0,0.000199697,9,
elemul,scalar,f32,5242880,1,aligned,0,0.001764143,0,
elemul,scalar,f32,5242880,1,aligned,0,0.001750743,1,
elemul,scalar,f32,5242880,1,aligned,0,0.001745072,2,
elemul,scalar,f32,5242880,1,aligned,0,0.001745463,3,
elemul,scalar,f32,5242880,1,aligned,0,0.001742352,4,
elemul,scalar,f32,5242880,1,aligned,0,0.001734043,5,
elemul,scalar,f32,5242880,1,aligned,0,0.001739492,6,
elemul,scalar,f32,5242880,1,aligned,0,0.001735182,7,
elemul,scalar,f32,5242880,1,aligned,0,0.001744372,8,
elemul,scalar,f32,5242880,1,aligned,0,0.001740252,9,
elemul,simd,f32,5242880,1,aligned,0,0.001193622,0,
elemul,simd,f32,5242880,1,aligned,0,0.001160783,1,
elemul,simd,f32,5242880,1,aligned,0,0.001125552,2,
elemul,simd,f32,5242880,1,aligned,0,0.001110943,3,
elemul,simd,f32,5242880,1,aligned,0,0.001105961,4,
elemul,simd,f32,5242880,1,aligned,0,0.001089153,5,
elemul,simd,f32,5242880,1,aligned,0,0.001093223,6,
elemul,simd,f32,5242880,1,aligned,0,0.001091463,7,
elemul,simd,f32,5242880,1,aligned,0,0.001093463,8,
elemul,simd,f32,5242880,1,aligned,0,0.001080863,9,
elemul,scalar,f64,512,1,aligned,0,0.000000251,0,
elemul,scalar,f64,512,1,aligned,0,0.000000220,1,
elemul,scalar,f64,512,1,aligned,0,0.000000159,2,
elemul,scalar,f64,512,1,aligned,0,0.000000160,3,
elemul,scalar,f64,512,1,aligned,0,0.000000150,4,
elemul,scalar,f64,512,1,aligned,0,0.000000150,5,
elemul,scalar,f64,512,1,aligned,0,0.000000150,6,
elemul,scalar,f64,512,1,aligned,0,0.000000150,7,
elemul,scalar,f64,512,1,aligned,0,0.000000150,8,
elemul,scalar,f64,512,1,aligned,0,0.000000160,9,
elemul,simd,f64,512,1,aligned,0,0.000000190,0,
elemul,simd,f64,512,1,aligned,0,0.000000110,1,
elemul,simd,f64,512,1,aligned,0,0.000000060,2,
elemul,simd,f64,512,1,aligned,0,0.000000060,3,
elemul,simd,f64,512,1,aligned,0,0.000000050,4,
elemul,simd,f64,512,1,aligned,0,0.000000061,5,
elemul,simd,f64,512,1,aligned,0,0.000000049,6,
elemul,simd,f64,512,1,aligned,0,0.000000061,7,
elemul,simd,f64,512,1,aligned,0,0.000000060,8,
elemul,simd,f64,512,1,aligned,0,0.000000061,9,
elemul,scalar,f64,716,1,aligned,0,0.000000319,0,
elemul,scalar,f64,716,1,aligned,0,0.000000280,1,
elemul,scalar,f64,716,1,aligned,0,0.000000220,2,
elemul,scalar,f64,716,1,aligned,0,0.000000210,3,
elemul,scalar,f64,716,1,aligned,0,0.000000210,4,
elemul,scalar,f64,716,1,aligned,0,0.000000210,5,
elemul,scalar,f64,716,1,aligned,0,0.000000210,6,
elemul,scalar,f64,716,1,aligned,0,0.000000210,7,
elemul,scalar,f64,716,1,aligned,0,0.000000210,8,
elemul,scalar,f64,716,1,aligned,0,0.000000210,9,
elemul,simd,f64,716,1,aligned,0,0.000000220,0,
elemul,simd,f64,716,1,aligned,0,0.000000110,1,
elemul,simd,f64,716,1,aligned,0,0.000000079,2,
elemul,simd,f64,716,1,aligned,0,0.000000080,3,
elemul,simd,f64,716,1,aligned,0,0.000000080,4,
elemul,simd,f64,716,1,aligned,0,0.000000070,5,
elemul,simd,f64,716,1,aligned,0,0.000000071,6,
elemul,simd,f64,716,1,aligned,0,0.000000070,7,
elemul,simd,f64,716,1,aligned,0,0.000000070,8,
elemul,simd,f64,716,1,aligned,0,0.000000070,9,
elemul,scalar,f64,16384,1,aligned,0,0.000005180,0,
elemul,scalar,f64,16384,1,aligned,0,0.000005080,1,
elemul,scalar,f64,16384,1,aligned,0,0.000005040,2,
elemul,scalar,f64,16384,1,aligned,0,0.000005050,3,
elemul,scalar,f64,16384,1,aligned,0,0.000005060,4,
elemul,scalar,f64,16384,1,aligned,0,0.000005060,5,
elemul,scalar,f64,16384,1,aligned,0,0.000004999,6,
elemul,scalar,f64,16384,1,aligned,0,0.000005000,7,
elemul,scalar,f64,16384,1,aligned,0,0.000004999,8,
elemul,scalar,f64,16384,1,aligned,0,0.000005040,9,
elemul,simd,f64,16384,1,aligned,0,0.000003420,0,
elemul,simd,f64,16384,1,aligned,0,0.000003381,1,
elemul,simd,f64,16384,1,aligned,0,0.000003300,2,
elemul,simd,f64,16384,1,aligned,0,0.000003330,3,
elemul,simd,f64,16384,1,aligned,0,0.000003290,4,
elemul,simd,f64,16384,1,aligned,0,0.000003330,5,
elemul,simd,f64,16384,1,aligned,0,0.000003311,6,
elemul,simd,f64,16384,1,aligned,0,0.000003289,7,
elemul,simd,f64,16384,1,aligned,0,0.000003289,8,
elemul,simd,f64,16384,1,aligned,0,0.000003261,9,
elemul,scalar,f64,22528,1,aligned,0,0.000007090,0,
elemul,scalar,f64,22528,1,aligned,0,0.000007370,1,
elemul,scalar,f64,22528,1,aligned,0,0.000007090,2,
elemul,scalar,f64,22528,1,aligned,0,0.000007069,3,
elemul,scalar,f64,22528,1,aligned,0,0.000007059,4,
elemul,scalar,f64,22528,1,aligned,0,0.000007040,5,
elemul,scalar,f64,22528,1,aligned,0,0.000007070,6,
elemul,scalar,f64,22528,1,aligned,0,0.000007249,7,
elemul,scalar,f64,22528,1,aligned,0,0.000007060,8,
elemul,scalar,f64,22528,1,aligned,0,0.000007060,9,
elemul,simd,f64,22528,1,aligned,0,0.000004790,0,
elemul,simd,f64,22528,1,aligned,0,0.000005149,1,
elemul,simd,f64,22528,1,aligned,0,0.000004720,2,
elemul,simd,f64,22528,1,aligned,0,0.000004680,3,
elemul,simd,f64,22528,1,aligned,0,0.000004680,4,
elemul,simd,f64,22528,1,aligned,0,0.000004650,5,
elemul,simd,f64,22528,1,aligned,0,0.000004660,6,
elemul,simd,f64,22528,1,aligned,0,0.000004631,7,
elemul,simd,f64,22528,1,aligned,0,0.000004631,8,
elemul,simd,f64,22528,1,aligned,0,0.000004849,9,
elemul,scalar,f64,32768,1,aligned,0,0.000010970,0,
elemul,scalar,f64,32768,1,aligned,0,0.000011420,1,
elemul,scalar,f64,32768,1,aligned,0,0.000010820,2,
elemul,scalar,f64,32768,1,aligned,0,0.000010820,3,
elemul,scalar,f64,32768,1,aligned,0,0.000010800,4,
elemul,scalar,f64,32768,1,aligned,0,0.000010790,5,
elemul,scalar,f64,32768,1,aligned,0,0.000010880,6,
elemul,scalar,f64,32768,1,aligned,0,0.000010830,7,
elemul,scalar,f64,32768,1,aligned,0,0.000010790,8,
elemul,scalar,f64,32768,1,aligned,0,0.000010880,9,
elemul,simd,f64,32768,1,aligned,0,0.000007370,0,
elemul,simd,f64,32768,1,aligned,0,0.000007390,1,
elemul,simd,f64,32768,1,aligned,0,0.000007399,2,
elemul,simd,f64,32768,1,aligned,0,0.000007209,3,
elemul,simd,f64,32768,1,aligned,0,0.000007151,4,
elemul,simd,f64,32768,1,aligned,0,0.000007179,5,
elemul,simd,f64,32768,1,aligned,0,0.000007099,6,
elemul,simd,f64,32768,1,aligned,0,0.000007140,7,
elemul,simd,f64,32768,1,aligned,0,0.000007270,8,
elemul,simd,f64,32768,1,aligned,0,0.000007160,9,
elemul,scalar,f64,734003,1,aligned,0,0.000241856,0,
elemul,scalar,f64,734003,1,aligned,0,0.000250936,1,
elemul,scalar,f64,734003,1,aligned,0,0.000249865,2,
elemul,scalar,f64,734003,1,aligned,0,0.000249325,3,
elemul,scalar,f64,734003,1,aligned,0,0.000259036,4,
elemul,scalar,f64,734003,1,aligned,0,0.000254925,5,
elemul,scalar,f64,734003,1,aligned,0,0.000262896,6,
elemul,scalar,f64,734003,1,aligned,0,0.000255986,7,
elemul,scalar,f64,734003,1,aligned,0,0.000279525,8,
elemul,scalar,f64,734003,1,aligned,0,0.000278526,9,
elemul,simd,f64,734003,1,aligned,0,0.000187167,0,
elemul,simd,f64,734003,1,aligned,0,0.000195167,1,
elemul,simd,f64,734003,1,aligned,0,0.000191267,2,
elemul,simd,f64,734003,1,aligned,0,0.000193497,3,
elemul,simd,f64,734003,1,aligned,0,0.000192867,4,
elemul,simd,f64,734003,1,aligned,0,0.000199667,5,
elemul,simd,f64,734003,1,aligned,0,0.000195037,6,
elemul,simd,f64,734003,1,aligned,0,0.000196937,7,
elemul,simd,f64,734003,1,aligned,0,0.000198887,8,
elemul,simd,f64,734003,1,aligned,0,0.000197007,9,
elemul,scalar,f64,1048576,1,aligned,0,0.000516352,0,
elemul,scalar,f64,1048576,1,aligned,0,0.000511492,1,
elemul,scalar,f64,1048576,1,aligned,0,0.000497581,2,
elemul,scalar,f64,1048576,1,aligned,0,0.000498262,3,
elemul,scalar,f64,1048576,1,aligned,0,0.000494412,4,
elemul,scalar,f64,1048576,1,aligned,0,0.000509513,5,
elemul,scalar,f64,1048576,1,aligned,0,0.000521252,6,
elemul,scalar,f64,1048576,1,aligned,0,0.000516891,7,
elemul,scalar,f64,1048576,1,aligned,0,0.000512962,8,
elemul,scalar,f64,1048576,1,aligned,0,0.000526102,9,
elemul,simd,f64,1048576,1,aligned,0,0.000310185,0,
elemul,simd,f64,1048576,1,aligned,0,0.000330845,1,
elemul,simd,f64,1048576,1,aligned,0,0.000323065,2,
elemul,simd,f64,1048576,1,aligned,0,0.000340555,3,
elemul,simd,f64,1048576,1,aligned,0,0.000355714,4,
elemul,simd,f64,1048576,1,aligned,0,0.000362185,5,
elemul,simd,f64,1048576,1,aligned,0,0.000360483,6,
elemul,simd,f64,1048576,1,aligned,0,0.000361024,7,
elemul,simd,f64,1048576,1,aligned,0,0.000356375,8,
elemul,simd,f64,1048576,1,aligned,0,0.000362055,9,
elemul,scalar,f64,5242880,1,aligned,0,0.003025242,0,
elemul,scalar,f64,5242880,1,aligned,0,0.002982383,1,
elemul,scalar,f64,5242880,1,aligned,0,0.002972384,2,
elemul,scalar,f64,5242880,1,aligned,0,0.002954344,3,
elemul,scalar,f64,5242880,1,aligned,0,0.002947045,4,
elemul,scalar,f64,5242880,1,aligned,0,0.002955134,5,
elemul,scalar,f64,5242880,1,aligned,0,0.002960124,6,
elemul,scalar,f64,5242880,1,aligned,0,0.002966373,7,
elemul,scalar,f64,5242880,1,aligned,0,0.002946874,8,
elemul,scalar,f64,5242880,1,aligned,0,0.002954124,9,
elemul,simd,f64,5242880,1,aligned,0,0.002602048,0,
elemul,simd,f64,5242880,1,aligned,0,0.002522980,1,
elemul,simd,f64,5242880,1,aligned,0,0.002507501,2,
elemul,simd,f64,5242880,1,aligned,0,0.002500201,3,
elemul,simd,f64,5242880,1,aligned,0,0.002487081,4,
elemul,simd,f64,5242880,1,aligned,0,0.002469681,5,
elemul,simd,f64,5242880,1,aligned,0,0.002475012,6,
elemul,simd,f64,5242880,1,aligned,0,0.002476561,7,
elemul,simd,f64,5242880,1,aligned,0,0.002483781,8,
elemul,simd,f64,5242880,1,aligned,0,0.002468902,9,
